{
    "I": [0,0.00000, 2.0, 4.0, 6.0, 8.0],
    "Ib": [0,0.00000, 2.0, 4.0, 6.0,8],
    "II": [0,0.00000, 2.0, 4.0, 6.0,8],
    "IIb": [0,0.00000, 2.0, 4.0, 6.0,8],
    "III": [0,0.00000, 2.0, 4.0, 6.0,8],
    "IIIb": [0,0.00000, 2.0, 4.0, 6.0,8],
    "IV": [0,0.00000, 2.0, 4.0, 6.0,8],
    "IVb": [0,0.00000, 2.0, 4.0, 6.0,8],
    "V": [0,0.00000, 2.0, 4.0, 6.0,8],
    "Vb": [0,0.00000, 2.0, 4.0, 6.0,8],
    "VI": [0,0.00000, 2.0, 4.0, 6.0,8],
    "VIb": [0,0.00000, 2.0, 4.0, 6.0,8],
    "VII": [0,0.00000, 2.0, 4.0, 6.0,8],
    "VIIb": [0,0.00000, 2.0, 4.0, 6.0,8],
    "duration": [0,2.0, 2.0, 2.0, 2.0, 2.0, 2.0,2],
    "offset": [0],
    "loudness": [-11.7729, -33.2137, -29.2265, -34.1923]
}