{
    "I": [0.00000, 2.0, 4.0, 6.0, 8.0],
    "Ib": [0.00000, 2.0, 4.0, 6.0],
    "II": [0.00000, 2.0, 4.0, 6.0],
    "IIb": [0.00000, 2.0, 4.0, 6.0],
    "III": [0.00000, 2.0, 4.0, 6.0],
    "IIIb": [0.00000, 2.0, 4.0, 6.0],
    "IV": [0.00000, 2.0, 4.0, 6.0],
    "IVb": [0.00000, 2.0, 4.0, 6.0],
    "V": [0.00000, 2.0, 4.0, 6.0],
    "Vb": [0.00000, 2.0, 4.0, 6.0],
    "VI": [0.00000, 2.0, 4.0, 6.0],
    "VIb": [0.00000, 2.0, 4.0, 6.0],
    "VII": [0.00000, 2.0, 4.0, 6.0],
    "VIIb": [0.00000, 2.0, 4.0, 6.0],
    "duration": [2.0, 2.0, 2.0, 2.0, 2.0, 2.0],
    "offset": [0],
    "loudness": [-11.7729, -33.2137, -29.2265, -34.1923]
}